ticker,index
A,0
AA,1
AACG,3
AADI,8
AAIC,9
AAL,11
AAME,13
AAOI,15
AAON,16
AAP,17
AAPL,18
AAT,19
AAU,20
AB,21
ABBV,22
ABC,23
ABCB,24
ABEO,27
ABEV,28
ABG,29
ABIO,30
ABM,31
ABR,34
ABST,36
ABT,37
ABUS,38
ABVC,39
AC,40
ACA,41
ACAD,46
ACB,53
ACCO,58
ACEL,61
ACER,62
ACET,63
ACGL,64
ACGLO,66
ACGN,67
ACHC,68
ACHV,71
ACIU,73
ACIW,74
ACLS,75
ACM,77
ACMR,78
ACN,79
ACNB,80
ACNT,81
ACOR,84
ACP,85
ACR,86
ACRE,87
ACRS,89
ACRX,91
ACST,92
ACTG,94
ACU,95
ACV,96
ADAP,100
ADBE,101
ADC,102
ADD,104
ADEA,105
ADES,108
ADI,110
ADIL,111
ADM,113
ADMA,114
ADMP,115
ADN,116
ADNT,117
ADP,122
ADPT,123
ADSK,127
ADT,128
ADTN,131
ADUS,133
ADVM,135
ADX,137
AE,139
AEE,142
AEF,143
AEG,145
AEHL,146
AEHR,147
AEIS,149
AEL,150
AEM,151
AEMD,152
AENZ,153
AEO,154
AEP,155
AER,157
AES,158
AEY,162
AEYE,163
AEZS,164
AFB,167
AFBI,168
AFG,170
AFL,176
AFMD,177
AFT,181
AG,184
AGAE,186
AGCO,189
AGD,190
AGE,191
AGEN,192
AGI,194
AGIO,197
AGLE,199
AGM,200
AGMH,201
AGNC,202
AGNCM,204
AGNCN,205
AGO,208
AGR,209
AGRO,212
AGRX,213
AGS,214
AGX,216
AGYS,217
AHCO,218
AHG,219
AHH,220
AHT,225
AIC,230
AIF,231
AIG,232
AIHS,234
AIM,235
AIN,239
AINC,240
AIR,243
AIRG,245
AIRI,246
AIRT,248
AIRTP,249
AIT,250
AIU,251
AIV,252
AIZ,254
AJG,256
AJRD,257
AJX,258
AJXA,259
AKAM,261
AKBA,263
AKR,265
AKRO,266
AKTS,267
AKTX,268
AL,271
ALAR,272
ALB,273
ALBT,274
ALC,275
ALCO,277
ALDX,279
ALE,280
ALEC,281
ALEX,282
ALG,283
ALGN,285
ALGT,287
ALK,291
ALKS,292
ALL,294
ALLE,295
ALLK,297
ALLO,298
ALLT,300
ALLY,301
ALNY,302
ALOT,305
ALPN,308
ALPP,309
ALRM,311
ALRN,312
ALRS,313
ALSN,317
ALT,318
ALTG,319
ALTO,322
ALTR,323
ALV,326
ALX,330
ALYA,332
AM,334
AMAL,335
AMAT,339
AMBA,340
AMBC,341
AMBO,343
AMC,345
AMCR,346
AMCX,347
AMD,348
AME,349
AMED,350
AMEH,351
AMG,352
AMGN,353
AMH,354
AMKR,356
AMLI,357
AMN,359
AMNB,360
AMOT,361
AMP,362
AMPE,363
AMPH,366
AMPY,370
AMRC,372
AMRK,373
AMRN,374
AMRS,375
AMRX,376
AMS,377
AMSC,378
AMSF,379
AMSWA,381
AMT,382
AMTB,383
AMTX,386
AMWD,387
AMX,389
AMZN,390
AN,391
ANAB,392
ANDE,393
ANET,395
ANF,396
ANGI,399
ANGO,400
ANIK,401
ANIP,402
ANIX,403
ANSS,405
ANTE,406
ANY,409
AOD,412
AON,417
AORT,418
AOS,419
AOSL,420
AP,422
APA,423
APAM,426
APCX,428
APD,430
APDN,431
APEI,433
APH,438
APLE,441
APLS,444
APLT,445
APM,446
APO,449
APOG,450
APPF,452
APPN,455
APPS,456
APRN,458
APT,459
APTO,463
APTV,464
APVO,465
APWC,466
APYX,469
AQB,470
AQMS,471
AQN,472
AQNA,473
AQNB,474
AQST,476
AR,480
ARAV,481
ARAY,482
ARC,491
ARCB,492
ARCC,493
ARCE,494
ARCH,495
ARCO,496
ARCT,497
ARDC,498
ARDS,499
ARDX,500
ARE,501
AREC,504
AREN,505
ARES,506
ARGD,507
ARGO,508
ARGX,509
ARI,511
ARKR,518
ARL,519
ARLO,520
ARLP,521
ARMK,522
ARMP,523
AROC,525
AROW,526
ARR,530
ARTL,538
ARTNA,540
ARTW,541
ARVN,543
ARW,544
ARWR,545
ASA,548
ASB,551
ASC,553
ASG,557
ASGN,559
ASH,560
ASIX,561
ASLE,562
ASLN,563
ASM,564
ASMB,565
ASML,566
ASND,567
ASPN,572
ASPS,573
ASR,574
ASRT,575
ASRV,576
ASTC,578
ASTE,579
ASUR,586
ASX,587
ASXC,588
ASYS,589
ATEC,595
ATEN,597
ATER,598
ATEX,599
ATGE,600
ATHE,602
ATHM,603
ATHX,604
ATI,605
ATIF,606
ATKR,608
ATLC,609
ATLO,612
ATNF,620
ATNI,622
ATNM,623
ATO,624
ATOM,625
ATOS,626
ATR,627
ATRA,628
ATRC,629
ATRI,630
ATRO,631
ATS,632
ATSG,633
ATTO,634
ATUS,635
ATVI,636
ATXG,637
ATXI,638
ATXS,639
AU,640
AUB,641
AUBN,642
AUDC,643
AULT,646
AUMN,647
AUPH,648
AUTL,654
AVA,659
AVAL,661
AVAV,662
AVB,663
AVD,664
AVDL,665
AVGO,667
AVGR,668
AVID,670
AVK,672
AVNS,673
AVNT,674
AVNW,675
AVRO,679
AVT,680
AVTA,681
AVTR,683
AVTX,684
AVXL,685
AVY,686
AWF,687
AWH,688
AWI,689
AWK,692
AWP,693
AWR,694
AWRE,695
AWX,696
AX,697
AXDX,698
AXGN,699
AXL,700
AXLA,701
AXNX,702
AXON,703
AXP,704
AXR,705
AXS,706
AXSM,707
AXTA,708
AXTI,709
AY,710
AYI,711
AYRO,712
AYTU,713
AYX,714
AZN,717
AZO,718
AZPN,719
AZRE,720
AZTA,721
AZUL,723
AZZ,725
B,726
BA,727
BABA,728
BAC,729
BACK,731
BAH,735
BAK,736
BALL,737
BALY,738
BANC,740
BAND,741
BANF,742
BANFP,743
BANR,745
BANX,746
BAP,748
BATRA,752
BATRK,753
BAX,754
BB,755
BBAR,757
BBCP,758
BBD,759
BBDC,760
BBDO,761
BBGI,762
BBIG,763
BBIO,764
BBN,768
BBSI,769
BBU,770
BBVA,772
BBW,773
BBWI,774
BBY,775
BC,776
BCAL,778
BCBP,781
BCC,782
BCDA,783
BCE,785
BCEL,786
BCH,787
BCLI,788
BCML,789
BCO,790
BCOV,791
BCOW,792
BCPC,793
BCRX,794
BCS,795
BCSF,799
BCTX,800
BCV,802
BCX,803
BCYC,804
BDC,805
BDJ,806
BDL,807
BDN,808
BDRX,809
BDX,812
BE,813
BECN,817
BEDU,818
BEEM,819
BELFA,822
BELFB,823
BEN,824
BEP,827
BERY,831
BEST,832
BFAM,834
BFC,835
BFH,836
BFI,837
BFIN,839
BFK,840
BFS,846
BFST,847
BFZ,848
BG,849
BGB,850
BGCP,851
BGFV,852
BGH,853
BGI,854
BGNE,855
BGR,856
BGS,859
BGSF,860
BGT,861
BGX,862
BGY,864
BH,865
BHB,870
BHC,871
BHE,872
BHF,873
BHFAL,874
BHFAP,878
BHK,881
BHLB,882
BHP,884
BHR,885
BHRB,886
BHV,887
BIDU,891
BIG,892
BIIB,895
BILI,896
BIMI,898
BIO,899
BIOC,900
BIOL,901
BIOX,905
BIP,906
BIT,911
BJ,915
BJRI,917
BK,918
BKCC,919
BKD,920
BKE,922
BKH,923
BKI,924
BKN,926
BKNG,927
BKR,928
BKSC,929
BKT,931
BKTI,932
BKU,933
BKYI,934
BL,935
BLBD,939
BLBX,940
BLD,942
BLDP,945
BLDR,946
BLE,947
BLFS,952
BLIN,954
BLK,955
BLKB,956
BLMN,957
BLNK,962
BLPH,963
BLRX,964
BLU,966
BLUE,968
BLW,969
BLX,970
BMA,972
BME,974
BMI,977
BMO,979
BMRA,981
BMRC,982
BMRN,983
BMTX,984
BMY,985
BN,986
BNED,987
BNGO,988
BNMV,995
BNS,1000
BNSO,1001
BNTC,1002
BNY,1004
BOC,1006
BOE,1011
BOH,1013
BOKF,1014
BOOM,1017
BOOT,1018
BOSC,1020
BOTJ,1021
BOX,1023
BOXL,1024
BP,1025
BPMC,1026
BPOP,1027
BPOPM,1028
BPRN,1029
BPT,1030
BPTH,1031
BPYPP,1036
BR,1038
BRAG,1042
BRBS,1044
BRC,1045
BRFH,1054
BRFS,1055
BRID,1056
BRKL,1060
BRKR,1061
BRN,1065
BRO,1066
BROG,1067
BRQS,1070
BRSP,1073
BRT,1074
BRTX,1075
BRW,1076
BRX,1077
BRY,1078
BSAC,1080
BSBR,1083
BSET,1084
BSGM,1086
BSIG,1087
BSL,1088
BSM,1089
BSQR,1090
BSRR,1091
BST,1092
BSTZ,1093
BSVN,1094
BSX,1095
BTA,1097
BTAI,1098
BTB,1099
BTBT,1102
BTCM,1103
BTCS,1104
BTCY,1105
BTE,1107
BTG,1108
BTI,1109
BTO,1112
BTT,1114
BTTR,1115
BTU,1117
BTZ,1121
BUD,1122
BUI,1123
BURL,1125
BUSE,1127
BV,1128
BVH,1129
BVN,1130
BVXV,1132
BW,1133
BWA,1134
BWAY,1140
BWB,1141
BWEN,1145
BWFG,1146
BWG,1147
BWMX,1149
BWXT,1153
BX,1154
BXC,1155
BXMT,1156
BXMX,1157
BXP,1158
BY,1161
BYD,1162
BYFC,1163
BYM,1164
BYND,1166
BYRN,1169
BYSI,1170
BZH,1177
BZUN,1178
C,1179
CAAP,1180
CAAS,1181
CABO,1183
CAC,1184
CACC,1185
CACI,1186
CADE,1188
CAE,1190
CAF,1191
CAG,1192
CAH,1193
CAKE,1194
CAL,1195
CALB,1196
CALM,1198
CALX,1200
CAMP,1201
CAMT,1202
CANB,1204
CANF,1205
CANG,1206
CAPL,1208
CAPR,1209
CAR,1210
CARA,1211
CARE,1212
CARG,1213
CARM,1214
CARS,1216
CARV,1217
CASA,1218
CASH,1219
CASI,1220
CASS,1221
CASY,1222
CAT,1223
CATC,1224
CATO,1225
CATX,1226
CATY,1227
CB,1229
CBAN,1230
CBAT,1231
CBAY,1232
CBD,1233
CBFV,1234
CBH,1235
CBIO,1236
CBNK,1238
CBOE,1239
CBRE,1240
CBRL,1244
CBSH,1245
CBT,1246
CBU,1247
CBUS,1248
CBZ,1249
CC,1250
CCB,1255
CCBG,1256
CCD,1259
CCEL,1260
CCEP,1261
CCF,1262
CCI,1263
CCJ,1264
CCK,1265
CCL,1266
CCLD,1267
CCLDP,1269
CCLP,1270
CCM,1271
CCNE,1272
CCO,1274
CCOI,1275
CCRD,1276
CCRN,1277
CCS,1278
CCU,1282
CDAY,1288
CDE,1289
CDLX,1292
CDMO,1293
CDNA,1294
CDNS,1295
CDTX,1299
CDW,1300
CDXC,1301
CDXS,1302
CDZI,1303
CE,1305
CEAD,1306
CECO,1308
CEE,1309
CEI,1311
CEIX,1312
CELC,1313
CELH,1314
CELZ,1318
CEM,1319
CEN,1320
CENN,1321
CENT,1322
CENTA,1323
CENX,1324
CEPU,1325
CEQP,1326
CERS,1328
CET,1330
CETX,1333
CETXP,1334
CEV,1336
CEVA,1337
CF,1338
CFBK,1340
CFFI,1343
CFFN,1344
CFG,1346
CFMS,1350
CFR,1351
CFRX,1352
CG,1354
CGA,1355
CGAU,1357
CGBD,1358
CGC,1359
CGEN,1361
CGNX,1363
CGO,1364
CGRN,1365
CHCI,1368
CHCO,1369
CHCT,1370
CHD,1371
CHDN,1372
CHE,1373
CHEF,1377
CHEK,1378
CHGG,1379
CHH,1380
CHI,1381
CHKP,1386
CHMG,1387
CHMI,1388
CHN,1389
CHNR,1390
CHRD,1392
CHRS,1393
CHRW,1394
CHS,1395
CHSCL,1396
CHSCM,1397
CHSCN,1398
CHSCO,1399
CHSCP,1400
CHT,1402
CHTR,1403
CHUY,1404
CHW,1405
CHWY,1406
CHX,1407
CHY,1408
CI,1409
CIA,1410
CIB,1411
CIEN,1412
CIF,1413
CIG,1416
CIGI,1417
CII,1418
CIK,1419
CIM,1420
CINF,1421
CIO,1425
CIR,1427
CIVB,1433
CIVI,1434
CIX,1435
CIZN,1436
CJJD,1438
CKPT,1439
CKX,1440
CL,1441
CLAR,1442
CLB,1445
CLBK,1446
CLDT,1451
CLDX,1452
CLF,1454
CLFD,1455
CLGN,1456
CLH,1457
CLIR,1461
CLLS,1462
CLM,1463
CLMB,1464
CLMT,1465
CLNE,1466
CLNN,1467
CLPR,1473
CLPS,1474
CLPT,1475
CLRB,1476
CLRO,1480
CLS,1481
CLSD,1482
CLSK,1483
CLVT,1487
CLW,1488
CLWT,1489
CLX,1490
CM,1491
CMA,1492
CMBM,1494
CMC,1495
CMCL,1497
CMCM,1498
CMCO,1499
CMCSA,1500
CMCT,1501
CME,1502
CMG,1503
CMI,1504
CMLS,1505
CMMB,1506
CMP,1508
CMPR,1511
CMRE,1516
CMRX,1517
CMS,1518
CMSA,1519
CMSC,1520
CMSD,1521
CMT,1522
CMTL,1524
CMU,1525
CNA,1526
CNC,1527
CNDT,1530
CNET,1531
CNF,1533
CNFR,1534
CNFRL,1535
CNHI,1538
CNI,1539
CNK,1540
CNMD,1542
CNNE,1543
CNO,1544
CNOB,1545
CNP,1547
CNQ,1548
CNS,1549
CNSL,1550
CNTY,1556
CNVS,1557
CNX,1558
CNXN,1561
COCP,1563
CODA,1564
CODI,1565
CODX,1566
COE,1567
COF,1570
COFS,1571
COGT,1572
COHN,1573
COHR,1574
COHU,1575
COKE,1577
COLB,1578
COLD,1579
COLL,1580
COLM,1581
COMM,1582
COMS,1584
CONN,1587
COO,1591
COOP,1596
COP,1597
CORR,1598
CORT,1600
COSM,1601
COST,1602
COTY,1603
CP,1606
CPA,1607
CPAC,1611
CPB,1612
CPE,1613
CPF,1614
CPG,1615
CPHC,1616
CPHI,1617
CPIX,1618
CPK,1619
CPLP,1620
CPRI,1623
CPRT,1624
CPRX,1625
CPS,1626
CPSH,1627
CPSI,1628
CPSS,1629
CPT,1630
CQP,1636
CRAI,1638
CRBP,1640
CRDF,1644
CRDL,1645
CREG,1650
CRESY,1652
CREX,1653
CRF,1655
CRGE,1656
CRH,1660
CRI,1661
CRIS,1662
CRK,1663
CRL,1665
CRM,1666
CRMD,1667
CRMT,1668
CRNT,1670
CRNX,1671
CRON,1672
CROX,1673
CRS,1674
CRSP,1675
CRT,1677
CRTO,1678
CRUS,1679
CRVL,1680
CRVS,1681
CRWD,1682
CRWS,1683
CSBR,1685
CSCO,1686
CSGP,1687
CSGS,1688
CSIQ,1689
CSL,1690
CSPI,1693
CSQ,1694
CSR,1695
CSSE,1696
CSSEP,1699
CSTE,1701
CSTM,1703
CSTR,1704
CSV,1705
CSWC,1706
CSWI,1708
CSX,1709
CTAS,1710
CTBB,1711
CTBI,1712
CTDD,1713
CTG,1714
CTGO,1715
CTHR,1716
CTIB,1717
CTIC,1718
CTLP,1720
CTLT,1721
CTMX,1723
CTO,1724
CTOS,1725
CTR,1726
CTRA,1727
CTRE,1728
CTRM,1729
CTRN,1730
CTS,1731
CTSH,1732
CTSO,1733
CTVA,1735
CTXR,1736
CUBA,1737
CUBE,1739
CUBI,1740
CUE,1741
CUEN,1742
CUK,1743
CULL,1744
CULP,1745
CURO,1748
CUTR,1750
CUZ,1751
CVBF,1753
CVCO,1754
CVCY,1755
CVE,1756
CVEO,1757
CVGI,1758
CVGW,1759
CVI,1760
CVLG,1763
CVLT,1764
CVLY,1765
CVM,1766
CVNA,1767
CVR,1768
CVS,1770
CVU,1771
CVV,1772
CVX,1773
CW,1774
CWBC,1776
CWBR,1777
CWCO,1778
CWEN,1780
CWH,1781
CWK,1782
CWST,1783
CWT,1784
CX,1785
CXDO,1789
CXE,1790
CXH,1791
CXT,1793
CXW,1794
CYAN,1795
CYBR,1797
CYCC,1798
CYCCP,1799
CYCN,1800
CYD,1801
CYH,1802
CYRX,1804
CYTH,1806
CYTK,1808
CYTO,1809
CZFS,1810
CZNC,1811
CZR,1813
CZWI,1814
D,1815
DAC,1816
DAIO,1818
DAKT,1819
DAL,1820
DAN,1823
DAR,1825
DARE,1826
DAVA,1829
DB,1833
DBI,1836
DBL,1837
DBRG,1838
DBVT,1840
DBX,1841
DCF,1844
DCI,1848
DCO,1849
DCOM,1850
DCPH,1852
DCTH,1853
DD,1854
DDD,1855
DDS,1859
DDT,1860
DE,1861
DEA,1862
DECK,1864
DEI,1865
DELL,1866
DENN,1868
DEO,1869
DESP,1871
DFFN,1872
DFIN,1874
DFP,1877
DFS,1878
DG,1879
DGICA,1881
DGICB,1882
DGII,1883
DGLY,1884
DGX,1885
DHC,1887
DHCNI,1890
DHF,1892
DHI,1893
DHIL,1894
DHR,1895
DHT,1896
DHX,1897
DHY,1898
DIAX,1899
DIN,1902
DINO,1903
DIOD,1904
DIS,1905
DISH,1908
DIT,1910
DJCO,1911
DK,1912
DKL,1915
DKS,1917
DLA,1918
DLB,1919
DLHC,1920
DLNG,1921
DLPN,1923
DLR,1924
DLTH,1925
DLTR,1926
DLX,1927
DM,1929
DMAC,1931
DMB,1934
DMF,1935
DMLP,1936
DMO,1937
DMRC,1938
DMS,1939
DMTK,1940
DNLI,1946
DNN,1948
DNOW,1949
DNP,1950
DOC,1953
DOCU,1956
DOGZ,1957
DOMH,1960
DOMO,1961
DOOO,1962
DOOR,1963
DORM,1964
DOV,1966
DOW,1967
DOX,1968
DPG,1971
DPZ,1974
DQ,1975
DRD,1977
DRH,1978
DRI,1979
DRIO,1980
DRQ,1983
DRRX,1984
DRS,1985
DRTT,1988
DSGR,1994
DSGX,1995
DSKE,1996
DSL,1997
DSM,1998
DSS,2000
DSU,2001
DSWL,2002
DSX,2003
DTE,2007
DTF,2008
DTIL,2010
DTSS,2014
DTST,2015
DTW,2017
DUK,2020
DUKB,2021
DUOT,2027
DVA,2029
DVAX,2030
DVN,2031
DWSN,2035
DX,2036
DXC,2037
DXCM,2038
DXF,2039
DXLG,2040
DXPE,2041
DXR,2042
DXYN,2043
DY,2044
DYAI,2045
DYNT,2047
DZSI,2048
E,2049
EA,2050
EAD,2054
EAF,2055
EARN,2058
EAST,2059
EAT,2060
EB,2061
EBAY,2062
EBF,2065
EBIX,2066
EBMT,2067
EBR,2069
EBS,2070
EBTC,2071
EC,2072
ECF,2079
ECL,2080
ECOR,2081
ECPG,2082
ECVT,2083
ED,2086
EDAP,2087
EDD,2090
EDF,2091
EDI,2092
EDIT,2093
EDN,2094
EDRY,2096
EDSA,2097
EDU,2102
EDUC,2103
EEA,2105
EEFT,2106
EEX,2108
EFC,2109
EFOI,2112
EFR,2113
EFSC,2114
EFSH,2116
EFT,2117
EFX,2120
EFXT,2121
EGAN,2122
EGBN,2123
EGF,2124
EGHT,2126
EGIO,2127
EGLE,2128
EGO,2130
EGP,2131
EGRX,2132
EGY,2133
EHC,2136
EHI,2137
EHTH,2138
EIG,2141
EIGR,2142
EIM,2143
EIX,2144
EKSO,2146
EL,2147
ELA,2148
ELAN,2149
ELC,2151
ELDN,2152
ELF,2154
ELLO,2155
ELMD,2156
ELME,2157
ELOX,2158
ELP,2159
ELS,2160
ELSE,2161
ELTK,2162
ELV,2164
EMAN,2169
EMD,2176
EME,2177
EMF,2178
EMKR,2179
EML,2180
EMN,2184
EMO,2185
EMP,2186
EMR,2187
EMX,2188
ENB,2189
ENG,2197
ENIC,2198
ENJ,2199
ENLC,2200
ENLV,2202
ENO,2203
ENOB,2204
ENOV,2205
ENPH,2206
ENR,2207
ENS,2208
ENSC,2209
ENSG,2210
ENSV,2211
ENTA,2212
ENTG,2216
ENTX,2217
ENV,2219
ENVA,2220
ENVB,2221
ENX,2223
ENZ,2224
EOD,2226
EOG,2227
EOI,2228
EOLS,2229
EOS,2230
EOT,2233
EP,2234
EPAC,2235
EPAM,2236
EPC,2237
EPD,2238
EPIX,2239
EPM,2240
EPR,2242
EPRT,2243
EPSN,2244
EQ,2245
EQBK,2246
EQC,2247
EQH,2248
EQIX,2249
EQNR,2250
EQR,2251
EQS,2254
EQT,2255
EQX,2256
ERC,2258
ERF,2262
ERH,2263
ERIC,2264
ERIE,2265
ERII,2266
ERJ,2267
ERNA,2268
ERO,2269
ERYP,2270
ES,2271
ESCA,2276
ESE,2277
ESEA,2278
ESGR,2279
ESGRO,2280
ESGRP,2281
ESI,2283
ESLT,2284
ESNT,2286
ESOA,2287
ESP,2288
ESPR,2289
ESQ,2290
ESRT,2291
ESS,2292
ESSA,2293
ESTA,2294
ESTC,2295
ESTE,2296
ET,2297
ETB,2299
ETD,2300
ETG,2301
ETJ,2302
ETN,2303
ETO,2305
ETON,2306
ETR,2307
ETRN,2308
ETSY,2309
ETV,2310
ETW,2311
ETY,2313
EU,2314
EURN,2317
EVA,2318
EVBG,2320
EVBN,2321
EVC,2322
EVER,2325
EVF,2327
EVG,2328
EVGN,2329
EVH,2334
EVI,2335
EVLO,2336
EVM,2339
EVN,2340
EVO,2341
EVOK,2342
EVR,2343
EVRG,2344
EVRI,2345
EVT,2346
EVTC,2347
EVTV,2349
EVV,2350
EW,2351
EWBC,2352
EXAS,2356
EXC,2357
EXEL,2358
EXG,2360
EXK,2361
EXLS,2362
EXP,2363
EXPD,2364
EXPE,2365
EXPI,2366
EXPO,2367
EXPR,2368
EXR,2369
EXTR,2370
EYE,2371
EYEN,2372
EYPT,2373
EZPW,2376
F,2377
FAF,2380
FAM,2381
FAMI,2382
FANG,2383
FANH,2384
FARM,2385
FARO,2386
FAST,2387
FAT,2388
FATE,2392
FAX,2397
FBIN,2400
FBIO,2401
FBIOP,2402
FBIZ,2403
FBK,2404
FBMS,2405
FBNC,2406
FBP,2407
FBRX,2409
FC,2410
FCAP,2411
FCBC,2412
FCCO,2413
FCEL,2414
FCF,2415
FCFS,2416
FCN,2417
FCNCA,2418
FCO,2421
FCPT,2422
FCT,2424
FCUV,2425
FCX,2426
FDBC,2427
FDEU,2428
FDP,2430
FDS,2431
FDUS,2432
FDX,2433
FE,2434
FEDU,2436
FEIM,2437
FELE,2438
FEN,2440
FENC,2441
FENG,2442
FERG,2443
FET,2444
FF,2447
FFA,2448
FFBC,2449
FFC,2450
FFIC,2451
FFIN,2454
FFIV,2455
FFNW,2456
FFWM,2457
FGB,2459
FGBI,2460
FGEN,2462
FGF,2463
FGFPP,2464
FGH,2465
FHB,2470
FHI,2471
FHN,2472
FI,2474
FIBK,2477
FICO,2478
FIF,2482
FINS,2484
FINV,2485
FIS,2488
FISI,2489
FITB,2490
FITBI,2491
FIVE,2494
FIVN,2495
FIX,2496
FIXX,2497
FIZZ,2498
FKWL,2499
FL,2500
FLC,2502
FLEX,2503
FLGT,2507
FLIC,2508
FLL,2510
FLNG,2513
FLNT,2514
FLO,2515
FLR,2516
FLS,2517
FLT,2518
FLWS,2520
FLXS,2521
FMAO,2523
FMBH,2524
FMC,2525
FMN,2529
FMNB,2530
FMS,2531
FMX,2532
FMY,2533
FN,2534
FNB,2536
FNCB,2537
FND,2539
FNF,2540
FNGR,2541
FNKO,2542
FNLC,2543
FNV,2544
FNWB,2548
FNWD,2549
FOA,2550
FOCS,2551
FOF,2552
FOLD,2553
FONR,2554
FOR,2555
FORD,2557
FORM,2562
FORR,2563
FORTY,2564
FOSL,2565
FOX,2568
FOXA,2569
FOXF,2570
FPAY,2572
FPF,2573
FPH,2574
FPI,2575
FPL,2576
FR,2577
FRA,2578
FRAF,2579
FRBA,2580
FRBK,2581
FRD,2584
FREE,2585
FRG,2590
FRGI,2593
FRGT,2594
FRHC,2595
FRME,2598
FRO,2600
FRPH,2602
FRPT,2603
FRST,2605
FRSX,2606
FRT,2607
FRTX,2608
FSBW,2612
FSD,2614
FSFG,2616
FSI,2617
FSK,2618
FSLR,2619
FSLY,2620
FSM,2621
FSP,2623
FSR,2624
FSS,2627
FSTR,2628
FSV,2629
FT,2630
FTAI,2631
FTCH,2636
FTDR,2638
FTEK,2639
FTF,2640
FTFT,2641
FTI,2644
FTK,2648
FTNT,2649
FTS,2651
FTV,2652
FUBO,2653
FUL,2654
FULT,2656
FUN,2658
FUNC,2659
FUND,2660
FURY,2661
FUSB,2662
FUTU,2664
FUV,2665
FVCB,2666
FVRR,2667
FWBI,2669
FWONA,2670
FWONK,2671
FWRD,2672
FXNC,2678
G,2681
GAB,2682
GABC,2683
GAIA,2684
GAIN,2685
GALT,2689
GAM,2690
GAME,2693
GASS,2697
GATX,2702
GAU,2703
GB,2704
GBAB,2705
GBCI,2709
GBDC,2710
GBLI,2712
GBR,2715
GBX,2717
GCBC,2718
GCI,2719
GCMG,2720
GCO,2722
GCTK,2724
GCV,2725
GD,2726
GDC,2727
GDDY,2728
GDEN,2729
GDL,2733
GDO,2736
GDOT,2737
GDS,2739
GDV,2744
GDYN,2745
GE,2746
GECC,2747
GECCM,2748
GECCN,2749
GEF,2751
GEG,2752
GEHI,2755
GEL,2756
GEN,2757
GENC,2758
GENE,2759
GEO,2762
GEOS,2763
GER,2764
GERN,2765
GES,2766
GEVO,2769
GF,2770
GFF,2773
GFI,2778
GGAL,2786
GGB,2787
GGE,2788
GGG,2789
GGN,2790
GGT,2793
GGZ,2794
GH,2795
GHC,2796
GHG,2797
GHI,2798
GHL,2802
GHM,2804
GHSI,2806
GHY,2807
GIB,2809
GIC,2810
GIFI,2811
GIGM,2812
GIII,2813
GIL,2814
GILD,2815
GILT,2816
GIM,2817
GIS,2820
GJH,2821
GJO,2822
GJP,2823
GJR,2824
GJS,2825
GJT,2826
GKOS,2827
GL,2828
GLAD,2829
GLBS,2831
GLBZ,2832
GLDD,2833
GLDG,2834
GLG,2835
GLMD,2840
GLNG,2841
GLO,2842
GLOB,2843
GLOP,2844
GLP,2845
GLPG,2846
GLPI,2847
GLQ,2848
GLRE,2849
GLT,2855
GLU,2858
GLV,2860
GLW,2861
GLYC,2862
GM,2863
GMAB,2864
GMBL,2865
GMDA,2868
GME,2869
GMED,2870
GMGI,2873
GMRE,2874
GMS,2875
GNE,2878
GNFT,2879
GNK,2880
GNL,2881
GNLN,2882
GNPX,2884
GNRC,2885
GNSS,2887
GNT,2888
GNTX,2890
GNTY,2891
GNUS,2892
GNW,2893
GO,2894
GOEV,2897
GOF,2899
GOGL,2900
GOGO,2902
GOL,2903
GOLD,2904
GOLF,2905
GOOD,2906
GOOG,2909
GOOGL,2910
GOOS,2911
GORO,2912
GOSS,2913
GOTU,2914
GPC,2921
GPI,2923
GPJA,2924
GPK,2925
GPMT,2926
GPN,2927
GPP,2929
GPRE,2930
GPRK,2931
GPRO,2932
GPS,2933
GRBK,2936
GRC,2937
GREE,2939
GRF,2941
GRFS,2942
GRIN,2946
GRMN,2947
GRNQ,2951
GROM,2953
GROW,2956
GRPN,2959
GRTS,2962
GRVY,2964
GRWG,2965
GRX,2966
GS,2967
GSAT,2968
GSBC,2969
GSBD,2970
GSHD,2974
GSIT,2975
GSK,2976
GSL,2977
GSM,2978
GSMG,2979
GT,2986
GTBP,2987
GTE,2988
GTEC,2989
GTES,2990
GTHX,2992
GTIM,2993
GTLS,2995
GTN,2996
GTX,2997
GTY,2998
GURE,3000
GUT,3001
GVA,3002
GVP,3003
GWAV,3004
GWRE,3006
GWRS,3007
GWW,3008
GYRO,3010
H,3011
HA,3012
HAE,3013
HAFC,3014
HAIN,3017
HAL,3018
HALL,3019
HALO,3020
HARP,3021
HAS,3022
HASI,3023
HAYN,3024
HBAN,3026
HBB,3030
HBCP,3031
HBI,3032
HBIO,3033
HBM,3034
HBNC,3035
HCA,3037
HCC,3039
HCCI,3040
HCI,3045
HCKT,3046
HCM,3047
HCSG,3053
HCXY,3059
HD,3060
HDB,3061
HDSN,3062
HE,3063
HEAR,3064
HEES,3065
HEI,3066
HELE,3067
HEP,3068
HEPA,3069
HEQ,3071
HES,3072
HESM,3073
HEXO,3074
HFBL,3075
HFFG,3076
HFRO,3077
HFWA,3078
HGBL,3079
HGEN,3080
HGLB,3081
HGV,3083
HHC,3084
HHS,3089
HI,3090
HIBB,3091
HIE,3092
HIFS,3093
HIG,3094
HIHO,3095
HII,3096
HIMX,3099
HIO,3100
HIVE,3103
HIW,3104
HIX,3105
HL,3108
HLF,3109
HLI,3111
HLIO,3112
HLIT,3113
HLNE,3117
HLT,3119
HLX,3122
HMC,3126
HMN,3127
HMNF,3128
HMST,3130
HMY,3131
HNI,3132
HNNA,3133
HNRG,3136
HNW,3139
HOFT,3140
HOFV,3141
HOG,3143
HOLI,3144
HOLX,3147
HOMB,3148
HON,3149
HONE,3150
HOOK,3152
HOPE,3153
HOTH,3154
HOUS,3156
HOV,3157
HOVNP,3158
HP,3160
HPE,3162
HPF,3163
HPI,3164
HPK,3165
HPKEW,3166
HPP,3169
HPQ,3170
HPS,3171
HQH,3172
HQI,3173
HQL,3174
HQY,3175
HR,3176
HRB,3177
HRI,3178
HRL,3179
HROW,3181
HRTG,3185
HRTX,3186
HRZN,3187
HSBC,3189
HSC,3190
HSDT,3193
HSIC,3195
HSII,3196
HSON,3197
HST,3201
HSTM,3202
HSTO,3203
HSY,3204
HT,3205
HTBI,3206
HTBK,3207
HTD,3209
HTGC,3212
HTH,3213
HTHT,3214
HTLD,3217
HTLF,3218
HTY,3222
HUBB,3225
HUBG,3229
HUBS,3230
HUGE,3235
HUM,3237
HUN,3240
HURC,3241
HURN,3242
HUSA,3243
HUT,3244
HUYA,3245
HVBC,3246
HVT,3247
HWBK,3248
HWC,3249
HWKN,3254
HWM,3256
HXL,3257
HY,3258
HYB,3259
HYI,3261
HYMC,3263
HYT,3267
HZNP,3271
HZO,3272
IAC,3273
IAE,3274
IAF,3275
IAG,3276
IART,3277
IBCP,3280
IBIO,3282
IBKR,3283
IBM,3284
IBN,3285
IBOC,3286
IBP,3287
IBRX,3288
IBTX,3289
ICAD,3290
ICCC,3291
ICCH,3292
ICD,3294
ICE,3295
ICFI,3296
ICHR,3298
ICL,3299
ICLK,3300
ICLR,3301
ICMB,3302
ICPT,3304
ICUI,3307
IDA,3310
IDCC,3313
IDE,3314
IDEX,3315
IDN,3316
IDR,3317
IDT,3318
IDXX,3319
IDYA,3320
IEP,3322
IESC,3323
IEX,3324
IFF,3326
IFN,3328
IFRX,3329
IGA,3331
IGC,3332
IGD,3333
IGI,3334
IGIC,3335
IGR,3338
IGT,3339
IHD,3344
IHG,3345
IHIT,3346
IHT,3349
IHTA,3350
IIF,3351
III,3352
IIIN,3353
IIIV,3354
IIM,3355
IIPR,3358
ILLM,3363
ILMN,3364
ILPT,3365
IMAX,3371
IMBI,3372
IMGN,3376
IMKTA,3377
IMMP,3378
IMMR,3379
IMNN,3382
IMO,3383
IMOS,3384
IMRN,3389
IMTE,3391
IMTX,3392
IMUX,3394
IMVT,3395
IMXI,3396
INBK,3400
INBKZ,3401
INCR,3404
INCY,3405
INDB,3406
INDP,3410
INDT,3411
INDV,3412
INFI,3414
INFN,3415
INFU,3416
INFY,3417
ING,3418
INGN,3419
INGR,3420
INLX,3422
INM,3423
INMB,3424
INN,3426
INO,3428
INOD,3429
INPX,3430
INSE,3431
INSG,3432
INSI,3433
INSM,3434
INSP,3435
INSW,3437
INTC,3439
INTG,3442
INTT,3444
INTU,3445
INTZ,3446
INUV,3447
INVA,3448
INVE,3449
INVH,3450
IONM,3459
IONS,3462
IOR,3463
IOSP,3464
IOVA,3466
IP,3467
IPA,3468
IPAR,3469
IPDN,3470
IPG,3471
IPGP,3472
IPI,3474
IPWR,3478
IQ,3481
IQI,3482
IQV,3483
IR,3484
IRBT,3486
IRDM,3487
IRIX,3489
IRM,3490
IRMD,3491
IROQ,3494
IRS,3496
IRT,3497
IRTC,3498
IRWD,3499
ISD,3500
ISDR,3501
ISEE,3502
ISIG,3503
ISRG,3508
ISSC,3512
ISTR,3513
ISUN,3514
IT,3515
ITCI,3517
ITCL,3518
ITGR,3519
ITI,3520
ITIC,3521
ITP,3523
ITRI,3525
ITRM,3526
ITRN,3527
ITT,3528
ITUB,3529
ITW,3530
IVAC,3532
IVDA,3540
IVR,3542
IVT,3543
IVZ,3545
IX,3546
IZEA,3550
J,3552
JACK,3553
JAGX,3554
JAKK,3555
JAN,3557
JAZZ,3562
JBGS,3563
JBHT,3564
JBK,3566
JBL,3567
JBLU,3568
JBSS,3569
JBT,3570
JCE,3571
JCI,3572
JCTCF,3574
JD,3575
JEF,3576
JELD,3577
JEQ,3578
JFIN,3582
JFR,3583
JG,3585
JGH,3590
JHAA,3591
JHG,3592
JHI,3593
JHS,3594
JHX,3595
JILL,3596
JJSF,3597
JKHY,3598
JKS,3599
JLL,3600
JLS,3601
JMIA,3602
JMM,3603
JMSB,3604
JNJ,3605
JNPR,3606
JOB,3608
JOE,3610
JOF,3611
JOUT,3612
JPC,3613
JPI,3614
JPM,3615
JPS,3616
JPT,3617
JQC,3618
JRI,3619
JRO,3620
JRS,3621
JRSH,3622
JRVR,3623
JSD,3624
JSM,3625
JT,3628
JVA,3635
JWN,3637
JXJT,3639
JYNT,3642
K,3645
KA,3646
KAI,3650
KALA,3651
KALU,3652
KALV,3653
KAMN,3654
KAR,3655
KB,3658
KBH,3659
KBR,3662
KDNY,3666
KDP,3667
KE,3668
KELYA,3669
KELYB,3670
KEN,3671
KEP,3672
KEQU,3673
KERN,3674
KEX,3676
KEY,3677
KEYS,3678
KF,3679
KFFB,3680
KFRC,3681
KFS,3682
KFY,3683
KGC,3684
KHC,3685
KIDS,3686
KIM,3687
KINS,3689
KIO,3690
KIQ,3691
KIRK,3692
KKR,3695
KLAC,3697
KLIC,3698
KLR,3699
KLXE,3701
KMB,3702
KMDA,3703
KMF,3704
KMI,3705
KMPR,3707
KMT,3708
KMX,3709
KN,3710
KNDI,3711
KNOP,3713
KNSA,3714
KNSL,3715
KNTK,3718
KNW,3719
KNX,3720
KO,3721
KOD,3722
KODK,3723
KOF,3724
KOP,3725
KOPN,3726
KOS,3728
KOSS,3729
KPRX,3732
KPTI,3733
KR,3734
KRC,3736
KREF,3737
KRG,3738
KRMD,3740
KRNT,3744
KRNY,3745
KRO,3746
KRP,3749
KRTX,3751
KRYS,3753
KSM,3755
KSS,3756
KT,3757
KTB,3758
KTCC,3759
KTF,3760
KTH,3761
KTN,3762
KTOS,3763
KTRA,3764
KULR,3768
KURA,3769
KVHI,3770
KW,3773
KWR,3776
KXIN,3777
KYN,3783
KZIA,3784
KZR,3785
L,3786
LAB,3787
LAC,3789
LAD,3790
LADR,3791
LAKE,3793
LAMR,3794
LANC,3795
LAND,3796
LARK,3801
LASR,3803
LAUR,3805
LAZ,3807
LAZR,3808
LAZY,3809
LBAI,3810
LBC,3814
LBRDA,3816
LBRDK,3817
LBRT,3819
LBTYA,3820
LBTYB,3821
LBTYK,3822
LC,3823
LCII,3831
LCNB,3832
LCTX,3833
LCUT,3834
LDOS,3837
LDP,3838
LE,3839
LEA,3840
LECO,3841
LEDS,3842
LEE,3843
LEG,3844
LEGH,3845
LEJU,3847
LEN,3848
LEO,3849
LEU,3851
LEVI,3853
LFCR,3858
LFMD,3861
LFT,3864
LFUS,3865
LFVN,3866
LGHL,3867
LGI,3869
LGIH,3870
LGL,3871
LGMK,3872
LGND,3873
LGO,3874
LH,3881
LHX,3883
LIFE,3893
LII,3897
LILA,3898
LILAK,3899
LIN,3902
LINC,3903
LIND,3904
LINK,3905
LIQT,3907
LITB,3908
LITE,3909
LIVE,3913
LIVN,3914
LIXT,3915
LKCO,3918
LKFN,3919
LKQ,3920
LL,3921
LLY,3923
LMAT,3924
LMB,3925
LMFA,3927
LMNL,3929
LMNR,3930
LMT,3931
LNC,3932
LND,3933
LNG,3934
LNN,3936
LNT,3938
LNTH,3939
LNW,3940
LOAN,3943
LOB,3944
LOCO,3947
LODE,3948
LOGI,3949
LOMA,3950
LOOP,3951
LOPE,3952
LOV,3953
LOVE,3954
LOW,3955
LPCN,3956
LPG,3957
LPL,3958
LPLA,3959
LPRO,3960
LPSN,3961
LPTH,3962
LPTX,3964
LPX,3965
LQDA,3966
LQDT,3967
LRCX,3968
LRFC,3969
LRMR,3970
LRN,3971
LSAK,3972
LSBK,3973
LSCC,3974
LSEA,3976
LSI,3979
LSTA,3981
LSTR,3982
LSXMA,3983
LSXMB,3984
LSXMK,3985
LTBR,3986
LTC,3987
LTHM,3991
LTRPA,3993
LTRPB,3994
LTRX,3995
LULU,4002
LUMN,4003
LUMO,4004
LUNA,4005
LUV,4009
LVO,4012
LVOX,4013
LVS,4017
LW,4020
LWAY,4021
LWLG,4022
LX,4023
LXFR,4025
LXP,4026
LXRX,4027
LXU,4028
LYB,4029
LYFT,4031
LYG,4032
LYTS,4035
LYV,4036
LZB,4038
M,4039
MA,4040
MAA,4041
MAC,4042
MACK,4043
MAG,4044
MAIN,4046
MAN,4047
MANH,4048
MANU,4049
MAR,4055
MARA,4056
MARK,4057
MARPS,4058
MAS,4060
MASI,4061
MAT,4063
MATH,4064
MATV,4065
MATW,4066
MATX,4067
MAV,4068
MAYS,4071
MBCN,4074
MBI,4075
MBIN,4076
MBINP,4080
MBIO,4081
MBOT,4084
MBRX,4085
MBUU,4088
MBWM,4089
MC,4090
MCB,4099
MCBC,4100
MCD,4102
MCFT,4103
MCHP,4104
MCHX,4105
MCI,4106
MCK,4107
MCLD,4108
MCN,4110
MCO,4111
MCR,4114
MCRB,4115
MCRI,4116
MCS,4117
MCVT,4118
MCY,4120
MD,4121
MDB,4122
MDC,4123
MDGL,4124
MDGS,4125
MDJH,4128
MDLZ,4129
MDNA,4130
MDRR,4131
MDRX,4133
MDT,4134
MDU,4135
MDVL,4137
MDWD,4138
MDXG,4140
MEC,4143
MED,4144
MEDP,4145
MEDS,4146
MEI,4150
MEIP,4151
MELI,4152
MEOH,4153
MERC,4154
MESA,4155
MESO,4156
MET,4157
META,4158
METC,4160
METX,4163
MFA,4166
MFC,4167
MFD,4168
MFG,4169
MFH,4170
MFIC,4171
MFIN,4172
MFM,4173
MFV,4174
MG,4175
MGA,4176
MGEE,4178
MGF,4179
MGIC,4180
MGM,4183
MGNI,4184
MGNX,4185
MGPI,4187
MGR,4188
MGRC,4190
MGTA,4194
MGTX,4195
MGY,4196
MGYR,4197
MHD,4198
MHF,4199
MHH,4200
MHI,4201
MHK,4202
MHLA,4203
MHLD,4204
MHN,4205
MHNC,4206
MHO,4207
MICS,4209
MIDD,4210
MIGI,4211
MIN,4213
MIND,4214
MINDP,4215
MINM,4216
MIST,4221
MITK,4225
MITT,4227
MIXT,4228
MIY,4229
MKC,4230
MKL,4232
MKSI,4233
MKTX,4235
MLAB,4238
MLCO,4242
MLI,4246
MLKN,4247
MLM,4248
MLP,4250
MLR,4251
MLSS,4252
MLVF,4254
MMAT,4256
MMC,4257
MMD,4258
MMI,4259
MMLP,4260
MMM,4261
MMP,4263
MMS,4264
MMSI,4265
MMT,4266
MMU,4267
MMYT,4270
MNDO,4271
MNKD,4274
MNMD,4275
MNOV,4276
MNP,4277
MNRO,4279
MNSB,4280
MNST,4283
MNTX,4288
MO,4289
MOBQ,4292
MOD,4297
MODG,4299
MODN,4300
MODV,4301
MOFG,4302
MOGO,4303
MOGU,4304
MOH,4305
MOMO,4307
MOR,4309
MORF,4310
MORN,4311
MOS,4312
MOTS,4313
MOV,4314
MOXC,4316
MPA,4318
MPAA,4319
MPB,4320
MPC,4321
MPLX,4323
MPU,4328
MPV,4329
MPW,4330
MPWR,4331
MPX,4332
MQT,4334
MQY,4335
MRAM,4337
MRBK,4338
MRC,4339
MRCC,4340
MRCY,4341
MREO,4343
MRIN,4344
MRK,4345
MRKR,4346
MRNA,4348
MRNS,4349
MRO,4350
MRSN,4351
MRTN,4352
MRTX,4353
MRUS,4354
MRVL,4356
MS,4357
MSA,4358
MSB,4359
MSBI,4360
MSC,4362
MSCI,4363
MSD,4364
MSEX,4365
MSFT,4366
MSGS,4369
MSI,4370
MSM,4371
MSN,4372
MSTR,4375
MSVB,4376
MT,4377
MTA,4378
MTB,4382
MTC,4383
MTCH,4384
MTD,4385
MTDR,4386
MTEM,4389
MTEX,4390
MTG,4391
MTH,4392
MTLS,4393
MTN,4394
MTNB,4395
MTR,4396
MTRN,4397
MTRX,4398
MTSI,4401
MTW,4403
MTX,4404
MTZ,4405
MU,4406
MUA,4407
MUC,4408
MUE,4409
MUFG,4410
MUI,4411
MUJ,4412
MULN,4413
MUR,4414
MUSA,4416
MUX,4417
MVBF,4418
MVF,4419
MVIS,4420
MVO,4423
MVST,4424
MVT,4426
MWA,4427
MX,4429
MXC,4430
MXE,4432
MXF,4433
MXL,4434
MYD,4435
MYE,4436
MYFW,4437
MYGN,4438
MYI,4439
MYMD,4440
MYN,4441
MYO,4444
MYRG,4447
MYSZ,4448
MYTE,4449
NAAS,4450
NAC,4452
NAD,4453
NAII,4454
NAK,4455
NAN,4458
NAOV,4459
NAT,4462
NATH,4463
NATI,4464
NATR,4465
NAVB,4467
NAVI,4468
NAZ,4469
NBB,4471
NBH,4472
NBHC,4473
NBIX,4474
NBN,4475
NBO,4476
NBR,4477
NBRV,4478
NBSE,4479
NBTB,4481
NBW,4483
NBY,4485
NC,4486
NCA,4487
NCLH,4491
NCMI,4492
NCNA,4493
NCPL,4495
NCR,4497
NCSM,4499
NCTY,4500
NCV,4501
NCZ,4502
NDAQ,4503
NDLS,4504
NDP,4506
NDRA,4507
NDSN,4508
NEA,4510
NECB,4511
NEE,4512
NEGG,4513
NEM,4514
NEN,4515
NEO,4516
NEOG,4517
NEON,4518
NEP,4521
NEPH,4522
NEPT,4523
NERV,4524
NETI,4527
NEU,4528
NEWP,4529
NEWR,4530
NEWT,4531
NEX,4534
NEXA,4535
NEXT,4537
NFBK,4538
NFE,4539
NFG,4540
NFJ,4542
NFLX,4543
NG,4547
NGD,4548
NGG,4549
NGL,4550
NGM,4551
NGS,4553
NGVC,4554
NGVT,4555
NHC,4556
NHI,4557
NHS,4558
NHTC,4559
NHWK,4560
NI,4561
NIC,4562
NICE,4563
NICK,4564
NIE,4565
NIM,4566
NINE,4568
NIO,4569
NIQ,4571
NISN,4574
NIU,4575
NJR,4576
NKE,4577
NKLA,4578
NKSH,4579
NKTR,4580
NKX,4582
NL,4583
NLS,4584
NLTX,4587
NLY,4588
NM,4589
NMFC,4592
NMI,4594
NMIH,4595
NML,4596
NMM,4597
NMR,4598
NMRD,4599
NMRK,4600
NMS,4601
NMT,4602
NMTC,4603
NMTR,4604
NMZ,4605
NNBR,4608
NNDM,4609
NNI,4610
NNN,4611
NNVC,4613
NNY,4614
NOA,4615
NOAH,4616
NOC,4617
NODK,4618
NOG,4619
NOK,4622
NOM,4623
NOMD,4624
NOTV,4626
NOV,4627
NOVN,4629
NOVT,4630
NOW,4633
NPK,4638
NPO,4639
NPV,4640
NQP,4642
NR,4643
NRBO,4647
NRC,4648
NRG,4652
NRGX,4654
NRIM,4655
NRK,4657
NRO,4658
NRP,4659
NRT,4662
NRUC,4663
NRXP,4664
NS,4666
NSA,4667
NSC,4668
NSIT,4669
NSL,4670
NSP,4671
NSPR,4672
NSS,4673
NSSC,4674
NSTG,4678
NSYS,4680
NTAP,4681
NTB,4682
NTCT,4684
NTES,4685
NTG,4686
NTGR,4687
NTIC,4688
NTIP,4689
NTLA,4690
NTNX,4691
NTR,4692
NTRA,4693
NTRS,4696
NTWK,4699
NTZ,4700
NUE,4705
NURO,4706
NUS,4707
NUV,4709
NUVA,4710
NUW,4713
NUWE,4714
NVAX,4719
NVCR,4720
NVDA,4722
NVEC,4723
NVEE,4724
NVFY,4726
NVG,4727
NVGS,4728
NVIV,4729
NVMI,4730
NVNO,4731
NVO,4732
NVR,4734
NVRO,4735
NVS,4736
NVT,4738
NVTA,4739
NWBI,4744
NWE,4745
NWFL,4746
NWG,4747
NWL,4748
NWLI,4749
NWN,4750
NWPX,4751
NWS,4752
NWSA,4753
NX,4756
NXC,4757
NXDT,4758
NXE,4759
NXG,4760
NXGN,4763
NXJ,4764
NXN,4767
NXP,4768
NXPI,4769
NXPL,4770
NXRT,4772
NXST,4773
NXTC,4775
NXTP,4776
NYCB,4780
NYMT,4781
NYMTN,4784
NYMX,4786
NYT,4787
NZF,4789
O,4790
OBE,4797
OBK,4799
OBLG,4800
OBT,4801
OC,4802
OCC,4805
OCCI,4806
OCFC,4811
OCGN,4815
OCN,4816
OCSL,4819
OCUL,4821
OCUP,4822
OCX,4823
ODC,4824
ODFL,4825
ODP,4826
ODV,4827
OEC,4828
OESX,4829
OFC,4830
OFED,4831
OFG,4832
OFIX,4833
OFLX,4834
OFS,4835
OGE,4837
OGEN,4838
OGI,4839
OGS,4841
OHI,4844
OI,4845
OIA,4846
OIG,4847
OII,4848
OIS,4849
OKE,4850
OKTA,4851
OLB,4853
OLED,4854
OLLI,4858
OLN,4860
OLP,4862
OMAB,4865
OMC,4866
OMCL,4867
OMER,4868
OMEX,4869
OMF,4870
OMI,4873
OMQS,4875
ON,4876
ONB,4877
ONCS,4881
ONCT,4882
ONCY,4883
ONTX,4892
ONVO,4893
OOMA,4896
OPBK,4901
OPCH,4902
OPGN,4905
OPHC,4906
OPI,4907
OPK,4909
OPOF,4910
OPP,4911
OPRA,4912
OPRX,4914
OPTN,4916
OPTT,4917
OPXS,4918
OPY,4919
OR,4920
ORA,4921
ORAN,4922
ORC,4923
ORCL,4925
ORGO,4928
ORGS,4929
ORI,4930
ORLA,4932
ORLY,4933
ORMP,4934
ORN,4935
ORRF,4936
ORTX,4937
OSBC,4940
OSG,4942
OSIS,4943
OSK,4944
OSPN,4945
OSS,4946
OSTK,4948
OSUR,4949
OSW,4950
OTEX,4953
OTLK,4955
OTRK,4958
OTTR,4960
OUT,4962
OVBC,4963
OVID,4964
OVLY,4965
OVV,4966
OXBR,4971
OXLC,4973
OXLCM,4975
OXM,4980
OXSQ,4981
OXSQL,4983
OXSQZ,4984
OXY,4987
OZK,4989
PAA,4991
PAAS,4992
PAC,4993
PACB,4994
PACK,4996
PACW,4997
PAG,4999
PAGP,5000
PAGS,5001
PAHC,5002
PAI,5003
PALI,5004
PALT,5005
PAM,5006
PANL,5007
PANW,5008
PAR,5009
PARA,5010
PARR,5013
PATI,5016
PATK,5017
PAVM,5018
PAYC,5024
PAYS,5027
PAYX,5028
PB,5029
PBA,5030
PBF,5034
PBH,5036
PBHC,5037
PBI,5038
PBLA,5039
PBPB,5040
PBR,5041
PBT,5042
PBTS,5043
PBYI,5044
PCAR,5045
PCB,5046
PCF,5049
PCG,5050
PCH,5052
PCK,5053
PCM,5054
PCN,5055
PCQ,5057
PCRX,5058
PCSA,5059
PCTI,5061
PCTY,5064
PCYG,5066
PCYO,5067
PD,5068
PDCE,5069
PDCO,5070
PDD,5071
PDEX,5072
PDFS,5073
PDI,5074
PDLB,5075
PDM,5076
PDS,5078
PDSB,5079
PDT,5080
PEAK,5081
PEB,5082
PEBK,5083
PEBO,5084
PED,5086
PEG,5087
PEGA,5088
PEGY,5092
PEN,5093
PENN,5094
PEO,5095
PEP,5096
PERI,5102
PESI,5103
PETQ,5105
PETS,5106
PETV,5107
PETZ,5110
PFBC,5112
PFC,5113
PFD,5114
PFE,5115
PFG,5116
PFGC,5117
PFIE,5119
PFIN,5120
PFIS,5121
PFL,5122
PFLT,5123
PFMT,5124
PFN,5125
PFO,5126
PFS,5127
PFSI,5128
PFSW,5129
PFX,5133
PG,5135
PGC,5136
PGEN,5137
PGP,5139
PGR,5140
PGRE,5141
PGTI,5144
PGZ,5147
PH,5148
PHD,5151
PHG,5152
PHGE,5153
PHI,5154
PHIO,5155
PHK,5156
PHM,5157
PHT,5159
PHUN,5160
PHX,5163
PI,5165
PII,5167
PIM,5171
PINC,5172
PINS,5174
PIPR,5175
PIRS,5176
PIXY,5177
PJT,5178
PK,5179
PKBK,5180
PKE,5181
PKG,5182
PKOH,5183
PKX,5185
PLAB,5187
PLAG,5188
PLAY,5192
PLBC,5193
PLCE,5195
PLD,5196
PLG,5197
PLL,5198
PLM,5199
PLMR,5203
PLNT,5204
PLOW,5205
PLPC,5206
PLSE,5208
PLUG,5215
PLUR,5216
PLUS,5217
PLX,5218
PLXS,5219
PLYA,5220
PLYM,5221
PM,5222
PMCB,5223
PMD,5224
PMF,5225
PML,5229
PMM,5230
PMN,5231
PMO,5232
PMT,5233
PMTS,5234
PMX,5236
PNBK,5238
PNC,5239
PNF,5240
PNFP,5241
PNI,5243
PNM,5244
PNNT,5245
PNR,5246
PNRG,5247
PNW,5250
POAI,5251
POCI,5252
PODD,5253
POET,5254
POLA,5256
POOL,5257
POR,5258
POST,5260
POWI,5261
POWL,5262
POWW,5263
PPBI,5265
PPBT,5266
PPC,5267
PPG,5268
PPIH,5272
PPL,5273
PPSI,5274
PPT,5275
PR,5279
PRA,5280
PRAA,5281
PRDO,5285
PRFT,5289
PRG,5291
PRGO,5292
PRGS,5293
PRI,5295
PRIM,5296
PRK,5297
PRLB,5298
PRMW,5305
PRO,5306
PROV,5311
PRPH,5313
PRPL,5314
PRPO,5315
PRQR,5316
PRS,5317
PRSO,5318
PRT,5324
PRTA,5325
PRTG,5327
PRTH,5328
PRTK,5329
PRTS,5330
PRU,5331
PSA,5333
PSEC,5334
PSF,5335
PSHG,5337
PSMT,5338
PSN,5339
PSNL,5340
PSO,5343
PSTG,5344
PSTL,5345
PSTV,5346
PSX,5348
PT,5349
PTC,5351
PTCT,5352
PTEN,5353
PTGX,5354
PTMN,5360
PTN,5361
PTRS,5365
PTSI,5366
PTY,5369
PUK,5373
PULM,5374
PUMP,5375
PUYI,5376
PVBC,5377
PVH,5378
PVL,5379
PW,5380
PWFL,5381
PWOD,5382
PWR,5384
PXD,5390
PXLW,5391
PXS,5393
PYN,5397
PYPL,5399
PYR,5400
PYT,5401
PZC,5403
PZG,5404
PZZA,5405
QCOM,5407
QCRH,5408
QD,5409
QDEL,5410
QFIN,5413
QGEN,5415
QIPT,5417
QLGN,5418
QLYS,5420
QMCO,5421
QNCX,5422
QNRX,5423
QNST,5424
QQQX,5427
QRHC,5428
QRTEA,5429
QRTEB,5430
QRVO,5432
QSR,5437
QTRX,5438
QTWO,5439
QUAD,5440
QUBT,5441
QUIK,5442
QUOT,5443
QURE,5444
QVCD,5446
R,5447
RA,5448
RACE,5449
RAD,5450
RAIL,5452
RAMP,5454
RAND,5455
RARE,5458
RAVE,5459
RBA,5461
RBB,5462
RBBN,5463
RBC,5464
RBCAA,5465
RBKB,5467
RC,5471
RCA,5472
RCAT,5476
RCEL,5479
RCG,5480
RCI,5481
RCKT,5482
RCKY,5484
RCL,5485
RCM,5489
RCMT,5490
RCON,5491
RCRT,5492
RCS,5494
RCUS,5495
RDCM,5496
RDFN,5497
RDHL,5498
RDI,5499
RDIB,5500
RDN,5501
RDNT,5502
RDVT,5503
RDWR,5505
RDY,5506
RE,5507
REAL,5508
REFR,5513
REG,5514
REGN,5515
REI,5516
REKR,5517
RELL,5520
RELX,5521
RENEW,5525
RENN,5526
REPL,5528
REPX,5529
RES,5531
RETA,5532
RETO,5533
REVG,5537
REX,5538
REXR,5539
REZI,5541
RF,5542
RFI,5545
RFIL,5546
RFL,5547
RGA,5550
RGCO,5552
RGEN,5553
RGLD,5555
RGLS,5556
RGNX,5557
RGP,5558
RGR,5559
RGS,5560
RGT,5561
RH,5564
RHE,5565
RHI,5566
RHP,5567
RIBT,5568
RICK,5569
RIDE,5570
RIG,5571
RIGL,5572
RILY,5573
RILYO,5579
RIO,5583
RIOT,5584
RITM,5585
RIV,5586
RJF,5588
RKDA,5589
RL,5592
RLGT,5594
RLI,5595
RLJ,5596
RLMD,5597
RM,5601
RMAX,5602
RMBL,5604
RMBS,5605
RMCF,5606
RMD,5607
RMED,5608
RMI,5612
RMNI,5615
RMR,5616
RMT,5617
RMTI,5618
RNG,5621
RNGR,5622
RNP,5624
RNR,5625
RNST,5626
ROAD,5630
ROCC,5634
ROCK,5635
ROG,5639
ROIC,5640
ROK,5643
ROKU,5644
ROL,5645
ROP,5647
ROST,5651
RPAY,5653
RPD,5654
RPM,5657
RPT,5659
RQI,5661
RRBI,5663
RRC,5664
RRGB,5665
RRR,5666
RRX,5667
RS,5668
RSF,5669
RSG,5670
RSLS,5673
RSSS,5674
RTC,5677
RTL,5678
RTLPP,5680
RTO,5681
RTX,5682
RUN,5685
RUSHA,5686
RUSHB,5687
RVLP,5688
RVLV,5689
RVNC,5691
RVP,5692
RVPH,5693
RVSB,5695
RVT,5698
RVTY,5699
RVYL,5700
RWLK,5704
RWT,5708
RY,5714
RYAAY,5715
RYAM,5716
RYI,5718
RYN,5719
RYTM,5720
RZB,5721
RZLT,5723
SA,5725
SABR,5726
SACH,5731
SAFE,5732
SAFT,5733
SAGE,5736
SAH,5737
SAIA,5739
SAIC,5740
SAL,5743
SALM,5744
SAM,5745
SAMG,5749
SAN,5750
SANG,5752
SANM,5753
SANW,5754
SAP,5755
SAR,5756
SASI,5757
SASR,5758
SATS,5761
SAVA,5763
SAVE,5764
SB,5767
SBAC,5768
SBCF,5770
SBET,5771
SBEV,5772
SBFG,5773
SBGI,5776
SBH,5777
SBI,5778
SBLK,5781
SBOW,5782
SBR,5783
SBRA,5784
SBS,5785
SBSI,5786
SBSW,5787
SBT,5788
SBUX,5789
SCCB,5794
SCCO,5800
SCD,5801
SCHL,5802
SCHN,5803
SCHW,5804
SCI,5805
SCKT,5806
SCL,5807
SCM,5810
SCOR,5811
SCPH,5812
SCPL,5813
SCS,5817
SCSC,5818
SCTL,5819
SCU,5820
SCVL,5821
SCWO,5822
SCWX,5823
SCX,5824
SCYX,5825
SD,5826
SDPI,5836
SE,5838
SEAC,5839
SEAS,5840
SEB,5843
SECO,5844
SEDG,5846
SEE,5847
SEED,5848
SEEL,5849
SEIC,5851
SELB,5852
SELF,5853
SEM,5854
SENEA,5856
SENEB,5857
SENS,5858
SEVN,5864
SF,5865
SFBC,5867
SFBS,5868
SFE,5869
SFIX,5870
SFL,5871
SFM,5872
SFNC,5873
SFST,5876
SFT,5877
SGA,5880
SGBX,5881
SGC,5882
SGEN,5884
SGH,5885
SGLY,5890
SGMA,5891
SGML,5892
SGMO,5893
SGRP,5894
SGRY,5895
SGU,5897
SHAK,5898
SHBI,5900
SHEL,5904
SHEN,5905
SHG,5908
SHIP,5909
SHO,5912
SHOO,5913
SHOP,5914
SHW,5919
SHYF,5920
SIBN,5921
SID,5922
SIEB,5924
SIEN,5925
SIF,5926
SIFY,5927
SIG,5928
SIGA,5929
SIGI,5930
SII,5932
SILC,5933
SILK,5934
SILV,5936
SIM,5937
SIMO,5938
SINT,5939
SIRI,5940
SISI,5941
SITC,5942
SITE,5943
SIX,5945
SJ,5946
SJM,5947
SJT,5948
SJW,5949
SKE,5950
SKM,5956
SKT,5957
SKX,5959
SKY,5960
SKYW,5963
SLAB,5965
SLB,5971
SLCA,5972
SLDB,5973
SLF,5976
SLG,5977
SLGG,5980
SLGL,5981
SLGN,5982
SLI,5983
SLM,5984
SLMBP,5985
SLNG,5990
SLNH,5991
SLNO,5993
SLP,5994
SLRC,5996
SLRX,5998
SLS,5999
SM,6003
SMAR,6006
SMBC,6007
SMBK,6008
SMCI,6009
SMFG,6010
SMG,6012
SMHI,6013
SMID,6014
SMLP,6015
SMLR,6016
SMMF,6017
SMMT,6018
SMP,6019
SMPL,6020
SMSI,6023
SMTC,6024
SMTI,6025
SNA,6029
SNAP,6031
SNAX,6032
SNBR,6034
SNCR,6036
SND,6039
SNDA,6040
SNDR,6042
SNDX,6043
SNES,6044
SNEX,6045
SNFCA,6046
SNGX,6047
SNN,6048
SNOA,6049
SNPS,6052
SNT,6055
SNV,6058
SNX,6059
SNY,6060
SO,6061
SOBR,6062
SOFO,6064
SOHO,6065
SOHOB,6066
SOHON,6067
SOHOO,6068
SOHU,6069
SOI,6070
SOJC,6071
SOL,6074
SOLO,6075
SON,6077
SONM,6080
SONN,6081
SONO,6082
SONY,6084
SOR,6087
SOS,6088
SOTK,6089
SP,6093
SPB,6094
SPCB,6095
SPCE,6096
SPE,6097
SPFI,6098
SPG,6099
SPGI,6100
SPH,6101
SPI,6103
SPLK,6105
SPLP,6106
SPNS,6107
SPNT,6108
SPOK,6109
SPOT,6110
SPPI,6111
SPR,6112
SPRO,6115
SPSC,6118
SPTN,6120
SPWH,6121
SPWR,6122
SPXC,6123
SPXX,6124
SQ,6125
SQM,6130
SQNS,6131
SR,6134
SRC,6136
SRCE,6137
SRCL,6138
SRDX,6139
SRE,6140
SREA,6141
SRG,6142
SRGA,6143
SRI,6144
SRL,6145
SRPT,6146
SRRK,6147
SRT,6148
SRTS,6149
SRV,6150
SSB,6153
SSBI,6154
SSD,6156
SSKN,6158
SSL,6159
SSNC,6160
SSNT,6161
SSP,6162
SSRM,6163
SSSS,6164
SSTI,6167
SSTK,6168
SSY,6170
SSYS,6171
ST,6172
STAA,6173
STAF,6174
STAG,6175
STBA,6176
STC,6178
STCN,6179
STE,6180
STEL,6181
STEW,6185
STG,6186
STGW,6187
STIM,6189
STK,6192
STKL,6194
STKS,6195
STLA,6196
STLD,6197
STM,6198
STN,6199
STNE,6200
STNG,6201
STOK,6202
STR,6203
STRA,6204
STRL,6207
STRM,6208
STRO,6209
STRR,6210
STRS,6212
STRT,6213
STT,6217
STWD,6220
STX,6221
STXS,6222
STZ,6223
SU,6224
SUI,6226
SUM,6227
SUN,6228
SUNW,6230
SUP,6231
SUPN,6232
SUPV,6233
SURF,6234
SURG,6235
SUZ,6237
SVC,6238
SVFD,6239
SVM,6244
SVRA,6245
SVT,6248
SVVC,6249
SWAV,6252
SWBI,6253
SWI,6254
SWK,6256
SWKH,6257
SWKS,6258
SWN,6259
SWX,6265
SWZ,6266
SXC,6267
SXI,6268
SXT,6269
SXTC,6270
SY,6271
SYBT,6272
SYBX,6273
SYF,6274
SYK,6275
SYNA,6277
SYNH,6278
SYPR,6279
SYRS,6280
SYY,6284
T,6288
TAC,6289
TACT,6290
TAIT,6291
TAK,6292
TAL,6293
TALO,6296
TANH,6298
TAOP,6299
TAP,6300
TARA,6301
TARO,6302
TAST,6305
TATT,6306
TAYD,6307
TBB,6308
TBBK,6309
TBC,6310
TBI,6312
TBLT,6317
TBLTW,6318
TBNK,6321
TBPH,6322
TC,6323
TCBI,6325
TCBK,6327
TCFC,6332
TCI,6333
TCMD,6335
TCOM,6338
TCON,6339
TCPC,6340
TCRT,6341
TCS,6343
TCX,6344
TD,6345
TDC,6346
TDF,6348
TDG,6349
TDOC,6350
TDS,6351
TDW,6353
TDY,6354
TEAF,6355
TEAM,6356
TECH,6357
TECK,6358
TECTP,6359
TEDU,6360
TEF,6361
TEI,6362
TEL,6363
TELL,6365
TENB,6367
TENX,6371
TEO,6372
TER,6373
TESS,6375
TEVA,6377
TEX,6378
TFC,6379
TFII,6381
TFIN,6382
TFSL,6386
TFX,6387
TG,6388
TGB,6392
TGH,6393
TGI,6394
TGLS,6396
TGNA,6397
TGS,6398
TGT,6399
TGTX,6400
TH,6404
THC,6405
THFF,6410
THG,6411
THM,6412
THMO,6413
THO,6414
THQ,6415
THR,6416
THRM,6418
THRY,6421
THS,6422
THTX,6423
THW,6424
TIGO,6426
TIGR,6427
TILE,6429
TIMB,6430
TIO,6431
TIPT,6432
TISI,6434
TITN,6435
TJX,6438
TK,6439
TKAT,6440
TKC,6441
TKR,6444
TLF,6445
TLK,6449
TLRY,6450
TLSA,6452
TLYS,6453
TM,6454
TMBR,6455
TMDX,6459
TME,6460
TMHC,6461
TMO,6464
TMP,6465
TMQ,6468
TMST,6469
TMUS,6473
TNC,6474
TNDM,6475
TNET,6476
TNK,6478
TNL,6479
TNP,6482
TNXP,6483
TOL,6489
TOMZ,6490
TOPS,6492
TOUR,6495
TOVX,6496
TOWN,6497
TPB,6498
TPC,6499
TPCS,6500
TPH,6503
TPHS,6504
TPIC,6505
TPL,6506
TPR,6507
TPST,6508
TPVG,6510
TPX,6511
TPZ,6512
TR,6513
TRC,6514
TREE,6517
TREX,6518
TRGP,6519
TRHC,6520
TRI,6521
TRIB,6522
TRIP,6525
TRMB,6529
TRMD,6530
TRMK,6531
TRN,6533
TRNO,6534
TRNS,6536
TROO,6539
TROW,6540
TROX,6541
TRP,6542
TRS,6543
TRST,6544
TRT,6545
TRTN,6547
TRTX,6548
TRU,6549
TRUE,6550
TRUP,6551
TRV,6552
TRVG,6553
TRVI,6554
TRVN,6555
TRX,6556
TS,6557
TSAT,6558
TSBK,6559
TSCO,6560
TSE,6561
TSEM,6562
TSI,6564
TSLA,6565
TSLX,6566
TSM,6567
TSN,6568
TSQ,6570
TSRI,6571
TT,6573
TTC,6574
TTCF,6575
TTD,6576
TTE,6577
TTEC,6578
TTEK,6579
TTGT,6580
TTI,6581
TTMI,6582
TTNP,6583
TTOO,6584
TTP,6585
TTSH,6586
TTWO,6587
TU,6588
TUP,6589
TURN,6590
TUSK,6591
TV,6593
TVC,6594
TVE,6595
TVTX,6596
TW,6597
TWI,6600
TWIN,6601
TWLO,6603
TWN,6606
TWNK,6607
TWO,6608
TWOU,6610
TWST,6611
TX,6612
TXMD,6614
TXN,6615
TXRH,6617
TXT,6618
TY,6619
TYG,6620
TYL,6623
TZOO,6625
UA,6627
UAA,6628
UAL,6629
UAMY,6630
UAN,6631
UAVS,6632
UBA,6633
UBCP,6634
UBER,6635
UBFO,6636
UBP,6637
UBS,6638
UBSI,6639
UBX,6640
UCBI,6642
UCTT,6645
UDR,6647
UE,6648
UEC,6649
UEIC,6650
UFAB,6651
UFCS,6652
UFI,6653
UFPI,6654
UFPT,6655
UG,6656
UGI,6657
UGP,6659
UHAL,6661
UHS,6664
UHT,6665
UI,6666
UIHC,6667
UIS,6668
UL,6671
ULBI,6672
ULH,6674
ULTA,6675
UMBF,6676
UMC,6677
UMH,6678
UNB,6679
UNF,6681
UNFI,6682
UNH,6683
UNIT,6684
UNM,6685
UNMA,6686
UNP,6687
UNTY,6688
UNVR,6689
UONE,6690
UONEK,6691
UPBD,6693
UPLD,6696
UPS,6697
UPWK,6702
URBN,6704
URG,6705
URGN,6706
URI,6707
USA,6709
USAC,6710
USAP,6711
USAS,6712
USAU,6713
USB,6714
USDP,6718
USEG,6720
USFD,6721
USIO,6724
USLM,6725
USM,6726
USNA,6727
USPH,6728
USX,6729
UTF,6733
UTG,6734
UTHR,6735
UTI,6736
UTL,6737
UTMD,6738
UTSI,6741
UTZ,6742
UUU,6743
UUUU,6744
UVE,6745
UVSP,6746
UVV,6747
UXIN,6749
V,6753
VABK,6754
VAC,6755
VALE,6758
VALU,6760
VANI,6761
VAPO,6762
VATE,6764
VBF,6766
VBFC,6767
VBIV,6768
VBLT,6769
VBTX,6774
VC,6775
VCEL,6776
VCIF,6777
VCNX,6779
VCTR,6781
VCV,6782
VCYT,6787
VECO,6788
VEEV,6792
VEON,6794
VERB,6796
VERI,6798
VERO,6799
VERU,6800
VET,6804
VEV,6805
VFC,6806
VFF,6807
VFL,6808
VGI,6811
VGM,6812
VGR,6813
VGZ,6814
VHC,6816
VHI,6817
VIA,6821
VIASP,6823
VIAV,6824
VICI,6825
VICR,6826
VIOT,6836
VIPS,6837
VIRC,6839
VIRT,6841
VIRX,6842
VISL,6843
VIV,6846
VIVK,6847
VJET,6848
VKI,6849
VKQ,6850
VKTX,6851
VLGEA,6854
VLO,6856
VLRS,6857
VLT,6858
VLY,6859
VLYPO,6860
VLYPP,6861
VMC,6863
VMI,6868
VMO,6869
VMW,6870
VNCE,6871
VNDA,6872
VNET,6873
VNO,6874
VNOM,6875
VNRX,6876
VOC,6878
VOD,6879
VOXX,6882
VOYA,6883
VPG,6884
VPV,6885
VQS,6886
VRA,6887
VRAY,6890
VRCA,6891
VRDN,6892
VRE,6893
VREX,6894
VRME,6896
VRNA,6897
VRNS,6898
VRNT,6899
VRRM,6901
VRSK,6902
VRSN,6903
VRT,6904
VRTS,6905
VRTV,6906
VRTX,6907
VS,6908
VSAT,6910
VSEC,6912
VSH,6913
VST,6915
VSTM,6917
VSTO,6918
VTGN,6920
VTLE,6921
VTN,6922
VTNR,6923
VTOL,6924
VTR,6925
VTRS,6926
VTSI,6929
VTVT,6930
VUZI,6932
VVI,6933
VVPR,6935
VVR,6936
VVV,6937
VVX,6938
VXRT,6941
VYGR,6942
VYNE,6943
VZ,6944
W,6947
WAB,6948
WABC,6949
WAFD,6950
WAFU,6952
WAL,6953
WASH,6956
WAT,6957
WATT,6958
WAVD,6959
WB,6963
WBA,6964
WBD,6965
WBS,6966
WCC,6968
WCN,6969
WD,6970
WDAY,6971
WDC,6972
WDFC,6973
WDS,6976
WEA,6978
WEC,6980
WELL,6982
WEN,6983
WERN,6984
WES,6985
WEX,6989
WEYS,6990
WF,6991
WFC,6992
WFCF,6993
WFG,6994
WGO,6996
WH,6999
WHD,7000
WHF,7001
WHG,7002
WHLM,7003
WHLR,7004
WHLRD,7005
WHLRP,7006
WHR,7007
WIA,7008
WILC,7009
WINA,7011
WING,7012
WINT,7013
WIRE,7017
WISA,7018
WIT,7020
WIW,7021
WIX,7022
WK,7023
WKC,7024
WKEY,7025
WKHS,7026
WKSP,7028
WLDN,7030
WLFC,7033
WLK,7035
WLKP,7036
WLMS,7037
WLY,7038
WLYB,7039
WM,7040
WMB,7041
WMC,7042
WMK,7044
WMPN,7045
WMS,7046
WMT,7047
WNC,7048
WNEB,7049
WNS,7051
WOLF,7053
WOR,7055
WORX,7056
WOW,7057
WPC,7058
WPM,7059
WPP,7060
WPRT,7061
WRAP,7063
WRB,7064
WRK,7066
WRLD,7067
WRN,7068
WSBC,7069
WSBF,7071
WSC,7072
WSFS,7073
WSM,7074
WSO,7075
WSR,7076
WST,7077
WT,7078
WTBA,7079
WTER,7080
WTFC,7081
WTFCM,7082
WTI,7084
WTM,7085
WTRG,7088
WTS,7089
WTT,7090
WTTR,7091
WTW,7092
WU,7093
WULF,7094
WVE,7095
WVVI,7096
WVVIP,7097
WW,7098
WWD,7101
WWE,7102
WWR,7103
WWW,7104
WY,7105
WYNN,7106
WYY,7107
X,7108
XAIR,7109
XBIO,7110
XBIT,7112
XCUR,7113
XEL,7114
XELA,7115
XELB,7117
XENE,7118
XERS,7119
XFLT,7123
XFOR,7124
XHR,7126
XIN,7127
XNCR,7131
XNET,7132
XOM,7133
XOMA,7134
XPL,7148
XPO,7149
XPRO,7152
XRAY,7153
XRX,7155
XTLB,7156
XTNT,7157
XWEL,7158
XXII,7159
XYF,7160
XYL,7161
YCBD,7163
YELL,7164
YELP,7165
YETI,7166
YEXT,7167
YI,7170
YJ,7171
YMAB,7172
YORW,7174
YPF,7180
YRD,7182
YTEN,7186
YTRA,7187
YUM,7188
YUMC,7189
YVR,7190
YY,7191
Z,7192
ZBH,7195
ZBRA,7196
ZD,7198
ZDGE,7199
ZEPP,7201
ZEUS,7203
ZG,7207
ZION,7215
ZIONL,7216
ZIONO,7217
ZIONP,7218
ZIVO,7220
ZKIN,7223
ZLAB,7224
ZM,7225
ZOM,7227
ZS,7228
ZTEK,7229
ZTO,7230
ZTR,7231
ZTS,7232
ZUMZ,7233
ZUO,7234
ZVRA,7238
ZWS,7240
ZYME,7241
ZYNE,7242
ZYXI,7243
